Img_017_0000.JPG,http://postfiles8.naver.net/20130930_231/barasun_1380470643890uazcS_JPEG/008.JPG?type=w1
Img_017_0001.jpg,http://cfile203.uf.daum.net/image/01555642509094743981F9
Img_017_0002.jpg,http://cfile211.uf.daum.net/image/0213753F516AB1FF0DE1E4
Img_017_0003.jpg,http://cfile221.uf.daum.net/image/02451E5050B378361A39DB
Img_017_0004.JPG,http://postfiles12.naver.net/20120717_219/bryanlove89_13425172276799xc44_JPEG/028.JPG?type=w2
Img_017_0005.jpg,http://recipe.ezmember.co.kr/cache/recipe/2015/06/19/034ba1b397644ee9024e0c56bd72a9311.jpg
Img_017_0006.jpg,http://cfile6.uf.tistory.com/image/0366FE3A51C2AD76115233
Img_017_0007.jpg,http://image.lottesuper.co.kr/static-root/fileupload/recipe/201311/04_457.jpg
Img_017_0008.JPG,http://postfiles7.naver.net/20160926_70/kitty4266_1474852127001zaGrN_JPEG/065.JPG?type=w2
Img_017_0009.jpg,http://img.ezday.co.kr/cache/board/2010/06/04/080482c35384f8e5e893e0573dce49d0.jpg
Img_017_0010.jpg,http://recipe.ezmember.co.kr/cache/recipe/2015/08/14/09eab2d2f9209221416e230203358ea71_m.jpg
Img_017_0011.jpg,http://img.sbs.co.kr/sbscnbc/upload/2015/10/14/10000509758_700.jpg
Img_017_0012.jpg,http://i1.w.hjfile.cn/doc/201012/1028914_image2_138667.jpg
Img_017_0013.jpg,http://postfiles1.naver.net/20130228_240/bronnley79_1362014195512CNAP0_JPEG/109.jpg?type=w1
Img_017_0014.jpg,http://cfile215.uf.daum.net/image/1109F15A4DCA9673032455
Img_017_0018.jpg,http://cfile222.uf.daum.net/image/1241C6424F21F231280E97
Img_017_0019.jpg,http://cfile214.uf.daum.net/image/1246A45050B37835186AF8
Img_017_0022.jpg,http://cfile205.uf.daum.net/image/125E5C4D50D70D5A08727A
Img_017_0023.JPG,http://postfiles12.naver.net/20150121_235/ckwldud1_1421769462076tT9wn_JPEG/13.JPG?type=w2
Img_017_0023.JPG,http://postfiles11.naver.net/20111227_138/vivtctqw_1324972419049twnqe_JPEG/13.jpg?type=w2
Img_017_0025.jpg,http://postfiles13.naver.net/20130405_252/mslee2873_136510383663650VXR_JPEG/1365040746713_20130404_045535_edit.jpg?type=w1
Img_017_0026.jpg,http://cfile3.uf.tistory.com/image/136DD2174A65804716BCB9
Img_017_0027.jpg,http://cfile217.uf.daum.net/image/14496A414D756D920E105A
Img_017_0029.jpg,http://cfile230.uf.daum.net/image/1528AE344F12F3270B8B78
Img_017_0030.jpg,http://cfile2.uf.tistory.com/image/153675244BD5CF958C1A8B
Img_017_0031.jpg,http://cfile25.uf.tistory.com/image/153991394EC6D2BD2DC920
Img_017_0032.jpg,http://cfile218.uf.daum.net/image/1545820E499CCBF2545553
Img_017_0034.jpg,http://cfile230.uf.daum.net/image/15564F0A499CAB6C3BD9D3
Img_017_0035.jpg,https://farm9.staticflickr.com/8571/15696920383_68c5a80153_z.jpg
Img_017_0036.jpg,http://i2.ruliweb.com/img/16/12/28/1594344abbee3076.jpg
Img_017_0037.jpg,http://www.menupan.com/Cook/cookIMG/160900.jpg
Img_017_0038.jpg,http://cfile235.uf.daum.net/image/1610CE3A4DFD367B15CA01
Img_017_0039.jpg,http://cfile215.uf.daum.net/image/16590E3B500585840679B4
Img_017_0040.jpg,http://cfile234.uf.daum.net/image/165DCB425090947225E56A
Img_017_0042.jpg,http://cfile6.uf.tistory.com/image/17513B454D64C381074097
Img_017_0045.jpg,http://cfile235.uf.daum.net/image/1808BD5A4DCA9673067B56
Img_017_0046.jpg,http://cfile8.uf.tistory.com/image/181007454FF866F002CCA8
Img_017_0047.jpg,http://cfile229.uf.daum.net/image/1816CA344F12F32724A774
Img_017_0049.jpg,http://cfile202.uf.daum.net/image/183FB23350C003B62F9F95
Img_017_0051.jpg,http://cfile207.uf.daum.net/image/185D812D4AC78FC601329B
Img_017_0052.jpg,http://asset.recipe-blog.jp/cache/images/item/6f/dd/18a44d269289cf8f773db6677a168a02309b6fdd.400x0.none.jpg
Img_017_0053.jpg,http://cfile222.uf.daum.net/image/192012424F36910220D121
Img_017_0054.jpg,http://i.imgur.com/4OaZMvC.jpg
Img_017_0056.jpg,http://recipe.ezmember.co.kr/cache/recipe/2015/04/27/1f98005d1ebaccd8dcd8af63ceedef0a1_m.jpg
Img_017_0057.jpg,http://www.ibabynews.com/news/upimages/images/2013/10/21/20131021164836127875qx333.jpg
Img_017_0058.jpg,http://postfiles16.naver.net/20140312_159/kyss7700_1394599728624ilUEz_JPEG/20140225_080714.jpg?type=w1
Img_017_0059.jpg,http://2.bp.blogspot.com/-y8ISGctH57Y/VNnp9y1q6WI/AAAAAAAADXs/iRTlujhK9qs/s1600/20141025_074706.jpg
Img_017_0062.jpg,http://cphoto.asiae.co.kr/listimglink/6/2016081616103104476_2.jpg
Img_017_0063.jpg,http://cfile26.uf.tistory.com/image/2037D70C4C8ABC2215D813
Img_017_0064.jpg,http://cfile22.uf.tistory.com/image/205643304CCDF20C41A673
Img_017_0065.jpg,http://cfile228.uf.daum.net/image/2134443C5313FEC30EFAE3
Img_017_0067.jpg,http://postfiles7.naver.net/data42/2008/12/15/86/21_nightsho.jpg?type=w1
Img_017_0068.jpg,http://cfile227.uf.daum.net/image/2215A837551278172858F6
Img_017_0070.jpg,http://cfile237.uf.daum.net/image/22367647565B868D2BEFA7
Img_017_0072.jpg,http://cfile24.uf.tistory.com/image/22546C435418DE0B0BACDD
Img_017_0073.jpg,http://cfile239.uf.daum.net/image/22596E41569C8C511330A9
Img_017_0075.JPG,http://postfiles6.naver.net/20151226_213/nayoungkk_1451124405372SmsWb_JPEG/22_013.JPG?type=w1
Img_017_0077.jpg,http://cfile204.uf.daum.net/image/2364974D5497F21603E3D3
Img_017_0078.jpg,http://cfile239.uf.daum.net/image/23729C46548BC5063110E0
Img_017_0079.jpg,http://cfile211.uf.daum.net/image/24062E3554B3B08406D477
Img_017_0081.jpg,http://cfile234.uf.daum.net/image/240EA04D562623EB33ACDD
Img_017_0083.jpg,http://cfile229.uf.daum.net/image/2509D24F56262484128718
Img_017_0085.jpg,http://cfile233.uf.daum.net/image/262EF74954D836F5093143
Img_017_0087.jpg,http://cfile221.uf.daum.net/image/2747EF4E56967BB62D3119
Img_017_0088.jpg,http://cfile203.uf.daum.net/image/2769423D569C8C470D5483
Img_017_0090.jpg,http://cfile28.uf.tistory.com/image/27766F4857C95E39213F09
Img_017_0093.png,http://offree.net/attach/1/2957038079.png
Img_017_0094.jpg,http://eshop.jiznikorea.eu/Content/Images/uploaded/2.jpg
Img_017_0095.jpg,http://i.imgur.com/2AVJysH.jpg
Img_017_0097.jpg,http://img.ezmember.co.kr/cache/board/2014/07/04/30243b29f339aed4181a34aab3fc7f6a.jpg
Img_017_0098.jpg,http://recipe.ezmember.co.kr/cache/recipe/2015/05/08/37836190fe801ece5a5dbe0a0863950e1_m.jpg
Img_017_0099.jpg,http://recipe.ezmember.co.kr/cache/recipe/2016/11/28/37a3129c50183ddca964c8560f7dabae1.jpg
Img_017_0100.jpg,http://img.ezday.co.kr/cache/board/blogex/2010/07/19/389b2a17bc1bc890c032a8c9887d4fad.jpg
Img_017_0102.JPG,http://postfiles16.naver.net/20120423_95/gold2me_13351384780661Yb9t_JPEG/4.JPG?type=w1
Img_017_0103.jpg,http://img1.ezday.co.kr/cache/board/2011/05/04/420bf3bca29ec8df0a688560f3cbb6e7.jpg
Img_017_0104.jpg,http://recipe.ezmember.co.kr/cache/recipe/2015/06/08/42f332c4b3adc51bc34fc582029d20f8_m.jpg
Img_017_0106.jpg,https://c1.staticflickr.com/3/2738/4458052709_c05b32fabe_z.jpg
Img_017_0107.jpg,http://cfs9.blog.daum.net/image/27/blog/2007/10/19/01/11/4717858be34f9
Img_017_0108.jpg,http://cfs11.tistory.com/original/36/tistory/2009/01/07/15/27/49644b4e20717
Img_017_0109.jpg,http://cfs12.tistory.com/image/29/tistory/2009/06/15/06/44/4a356f3408ba4
Img_017_0112.jpg,http://cfs16.tistory.com/image/11/tistory/2010/07/27/10/37/4c4e3857ba0e4
Img_017_0113.jpg,http://recipe.ezmember.co.kr/cache/recipe/2015/12/20/4faf9a209441a7236023ee65c2a386201.jpg
Img_017_0115.jpg,http://m.jejumall.com/data/spot/51a593347c84d15.jpg
Img_017_0118.jpg,http://img.ezmember.co.kr/cache/board/2014/09/03/53af62d44132fb8a21366127a9ad754d.jpg
Img_017_0119.JPG,http://www.homecuisine.co.kr/files/attach/images/140/489/011/5485924a10067f462c3b0417ce992de0.JPG
Img_017_0120.png,http://cdn.shopify.com/s/files/1/1071/7482/files/54e17b8067ade2128f72c0cebd60acaa.png?v=1473864116
Img_017_0121.JPG,http://www.homecuisine.co.kr/files/attach/images/140/579/011/585762f8342b48b1c74863fe5bbcbc4d.JPG
Img_017_0123.jpg,http://recipe.ezmember.co.kr/cache/recipe/2016/08/19/593b50bad19e35b9fb615407b6ce53af1_m.jpg
Img_017_0125.gif,http://img.ezmember.co.kr/cache/board/2012/12/27/5ed1371c22f17ee70efbd09582234037.gif
Img_017_0127.jpg,http://img.ezday.co.kr/cache/board/2010/12/16/654b0498ed245d43718753311048601d.jpg
Img_017_0128.jpg,http://recipe.ezmember.co.kr/cache/recipe/2016/02/29/6c2e038264e2f365cd10d58551dbbf8f1.jpg
Img_017_0129.jpg,http://recipe.ezmember.co.kr/cache/recipe/2017/01/10/6e81a92c313bcc35944764e8e63282321.jpg
Img_017_0130.jpg,http://postfiles10.naver.net/20150116_25/moonra84_1421371634242l00Db_JPEG/7.jpg?type=w1
Img_017_0131.jpg,http://img.ezday.co.kr/cache/board/blogex/2010/08/18/70085f370341e5e13c2daf86f71b3ba8.jpg
Img_017_0132.JPG,http://homecuisine.co.kr/files/attach/images/140/321/031/701a551aabca11ba00ad53ba9c7616e1.JPG
Img_017_0134.JPG,http://www.homecuisine.co.kr/files/attach/images/140/629/011/99b983892094b5c6d2fc3736e15da7d1_2.JPG
Img_017_0135.JPG,https://homecuisine.co.kr/./files/attach/images/140/629/011/7355b5c9f9d271d0de5e686fbc7fcb05_1.JPG
Img_017_0137.jpg,http://img.ezmember.co.kr/cache/board/2011/06/22/78b4d844eb1f9b69917a545f49ae8fcc.jpg
Img_017_0138.JPG,http://homecuisine.co.kr/files/attach/images/140/861/045/797163f7b7cf814f54974cdbecbfbd40.JPG
Img_017_0139.JPG,http://homecuisine.co.kr/files/attach/images/140/321/031/7ef7e35effb00020382e538ac129706d.JPG
Img_017_0140.png,http://postfiles15.naver.net/20160818_126/happyjejudo_1471530791368OGIKB_PNG/8.png?type=w773
Img_017_0141.jpg,http://recipe.ezmember.co.kr/cache/recipe/2016/02/22/8276860c7f782e71e24f666fe6012af61.jpg
Img_017_0142.jpg,http://krcdn.ar-cdn.com/recipes/xlarge/85a1dcfa-730f-4e9d-8a25-0bd6c5d0d78b.jpg
Img_017_0143.JPG,https://homecuisine.co.kr/./files/attach/images/140/629/011/872515c32b1924e47f993c7511e77456.JPG
Img_017_0144.JPG,http://www.homecuisine.co.kr/files/attach/images/140/629/011/872515c32b1924e47f993c7511e77456_1.JPG
Img_017_0145.JPG,http://www.homecuisine.co.kr/files/attach/images/140/629/011/872515c32b1924e47f993c7511e77456_3.JPG
Img_017_0146.JPG,http://www.homecuisine.co.kr/files/attach/images/140/629/011/872515c32b1924e47f993c7511e77456_4.JPG
Img_017_0148.jpg,http://recipe.ezmember.co.kr/cache/recipe/2016/03/27/8e204b210f6acd5157297af2f5fe2e3b1_m.jpg
Img_017_0149.jpg,http://recipe.ezmember.co.kr/cache/recipe/2015/04/04/8e45714ce344b0af84095317d700e4041.jpg
Img_017_0150.jpg,http://postfiles13.naver.net/20150718_92/ymgs1888_1437196149912m804c_JPEG/9.jpg?type=w1
Img_017_0152.jpg,http://recipe.ezmember.co.kr/cache/recipe/2015/06/08/935f5103e794035873adb0bb25b4b436_m.jpg
Img_017_0153.jpg,http://recipe.ezmember.co.kr/cache/recipe/2015/05/23/94bf16a06ae55164226ade27890c44e71_m.jpg
Img_017_0154.jpg,http://recipe.ezmember.co.kr/cache/recipe/2015/06/08/94ca94c935f8f4968e9d976376f1611b1_m.jpg
Img_017_0155.JPG,http://homecuisine.co.kr/files/attach/images/140/321/031/981cd2ced86882b82c0b9964b48a5ea5.JPG
Img_017_0156.jpg,http://recipe.ezmember.co.kr/cache/recipe/2015/08/06/99641d02309ab821e65ad494247bf9b3_m.jpg
Img_017_0157.JPG,http://www.homecuisine.co.kr/files/attach/images/140/041/008/99b983892094b5c6d2fc3736e15da7d1.JPG
Img_017_0158.JPG,http://www.homecuisine.co.kr/files/attach/images/140/629/011/99b983892094b5c6d2fc3736e15da7d1_1.JPG
Img_017_0159.jpg,http://i.imgur.com/A7zQLUS.jpg
Img_017_0160.JPG,http://postfiles7.naver.net/20160316_54/isis1073_1458085901561vvwgA_JPEG/DSC02254.JPG?type=w1
Img_017_0162.JPG,http://postfiles15.naver.net/20160131_78/lhjing7_1454204305522DW1zn_JPEG/DSC_0060.JPG?type=w966
Img_017_0163.JPG,http://postfiles13.naver.net/20131027_44/kimhy004_1382834581939UhQ7J_JPEG/IMG_2788.JPG?type=w1
Img_017_0164.jpg,http://postfiles6.naver.net/20160224_101/caoss66_1456310010845LDbIR_JPEG/IMG_4828.jpg?type=w966
Img_017_0166.JPG,http://post.phinf.naver.net/20160202_86/1454398384089JKSfi_JPEG/IMG_5362.JPG?type=w1200
Img_017_0167.JPG,http://postfiles8.naver.net/20120403_151/heeju001_1333412570315nuNXQ_JPEG/IMG_6687.JPG?type=w1
Img_017_0168.JPG,http://postfiles4.naver.net/20120403_211/heeju001_13334125706607K9qu_JPEG/IMG_6694.JPG?type=w1
Img_017_0169.JPG,http://postfiles1.naver.net/20120403_288/heeju001_13334125686307mR9H_JPEG/IMG_6701.JPG?type=w1
Img_017_0170.JPG,http://postfiles10.naver.net/20150416_41/gpal3510_1429152894762SSUBW_JPEG/IMG_7382.JPG?type=w1
Img_017_0171.JPG,http://postfiles12.naver.net/20160610_123/gjfkfk38317_1465493011644psfR2_JPEG/IMG_7409_edit.JPG?type=w1
Img_017_0172.jpg,http://postfiles3.naver.net/20151109_50/noola0728_1447032551987Yh9Mt_JPEG/IMG_8989.jpg?type=w1
Img_017_0173.jpg,http://postfiles7.naver.net/20151109_150/noola0728_1447032551718TlSbI_JPEG/IMG_8990.jpg?type=w1
Img_017_0175.png,http://blogfiles.naver.net/20140212_6/ivory27_1392201191901CvSqw_PNG/IMG_9226.png
Img_017_0176.JPG,http://postfiles14.naver.net/20121101_237/double_sh__1351768873668AwVSo_JPEG/IMG_9648.JPG?type=w1
Img_017_0178.jpeg,https://pbs.twimg.com/profile_images/568067823562264576/O-gxmrP0.jpeg
Img_017_0179.JPG,http://www.62life.com/userfiles/blog/P1210337.JPG
Img_017_0180.jpg,http://blogthumb2.naver.net/20111106_57/aaej0521_1320550928420cCOAH_JPEG/REW3_2141.jpg?type=w2
Img_017_0181.jpg,http://www.smlounge.co.kr/old_data/mlounge/contents/data/recipe/R_L_141801418796692.jpg
Img_017_0182.JPG,http://postfiles7.naver.net/20150724_294/sindong0ju_1437731391418l8mcV_JPEG/SAM_0519.JPG?type=w1
Img_017_0184.JPG,http://img.ezmember.co.kr/cache/board/2011/11/04/TMP_eea578324edd4ce9f6b23ebf5f074349.JPG
Img_017_0185.JPG,http://postfiles10.naver.net/20150719_153/cookbad_1437315391391VRKkW_JPEG/U78A8126.JPG?type=w1
Img_017_0186.jpg,http://img.ezmember.co.kr/cache/board/2011/06/16/a06fd7215de9b8669ee592effc6499b6.jpg
Img_017_0187.jpg,http://recipe.ezmember.co.kr/cache/recipe/2015/12/09/a44221a329b94faae1a5de79c7d6425d1.jpg
Img_017_0188.jpg,https://s-media-cache-ak0.pinimg.com/236x/29/2c/35/292c35af5be5fd32f6d6dd895b5de5ca.jpg
Img_017_0189.jpg,http://img.ezmember.co.kr/cache/board/2015/05/26/ae8eee36a846a32221429198720dac75.jpg
Img_017_0190.jpg,http://recipe.ezmember.co.kr/cache/recipe/2015/05/29/aeb726df56d5aa4adffc7ac30b398e331_m.jpg
Img_017_0191.jpg,http://pds10.egloos.com/pds/200901/10/21/b0068521_496829f3758bd.jpg
Img_017_0192.JPG,http://homecuisine.co.kr/files/attach/images/140/321/031/b137a0e506dca7979aef2d9bd7e93bc2.JPG
Img_017_0193.jpg,http://recipe.ezmember.co.kr/cache/recipe/2016/02/22/b14a1d6ac9851787834139746cf9d94b1.jpg
Img_017_0194.jpg,http://recipe.ezmember.co.kr/cache/recipe/2016/04/06/b33eff59b8cccf17519938e440a518451.jpg
Img_017_0195.jpg,http://recipe.ezmember.co.kr/cache/recipe/2016/11/28/b980dcf4e24bfa648fdbb5690c2481e21.jpg
Img_017_0196.jpg,http://recipe.ezmember.co.kr/cache/recipe/2015/08/27/ba51fd08fb956e6d983fc16eccdf3efd1.jpg
Img_017_0198.jpg,http://farm4.static.flickr.com/3104/2612498824_5a01c794de.jpg
Img_017_0199.png,http://postfiles4.naver.net/20130108_163/allcllrp_1357655297873lPqoq_PNG/7.png?type=w1
Img_017_0200.jpg,https://swisshansik.files.wordpress.com/2013/09/cymera_20130910_175131.jpg
Img_017_0201.jpg,https://farm6.staticflickr.com/5336/9603795937_9235ca860c.jpg
Img_017_0202.jpg,https://i.ytimg.com/vi/pMx0Fqy2Xcc/maxresdefault.jpg
Img_017_0203.jpg,https://i.ytimg.com/vi/GHF1wRj92n0/maxresdefault.jpg
Img_017_0208.jpg,http://recipe.ezmember.co.kr/cache/recipe/2015/05/06/cfb830762fbefbd07cf51a1b361f882b1.jpg
Img_017_0209.jpg,https://swisshansik.files.wordpress.com/2013/09/cymera_20130910_175220.jpg?w=480&amp;h=480
Img_017_0211.jpg,http://recipe.ezmember.co.kr/cache/recipe/2015/08/11/d45b7b69be1561556a6f599c066116481_m.jpg
Img_017_0212.jpg,http://img.ezmember.co.kr/cache/board/2012/02/06/d94cf6bfa6663b48959a8693ad990ba2.jpg
Img_017_0214.jpg,http://chagaking.com/files/attach/images/344/116/008/e0b76aa8d84fedc9f87fa8d9a2d07d5d.jpg
Img_017_0215.jpg,http://img.ezmember.co.kr/cache/board/2012/02/06/e636aef1b9d2f49e74aa32b0220af6ba.jpg
Img_017_0216.JPG,https://homecuisine.co.kr/./files/attach/images/140/981/031/e67cf33b5c01d0a889c36be8ec36c7f4.JPG
Img_017_0217.jpg,http://img.ezmember.co.kr/cache/board/2014/01/22/e7b59b102fddcff88c6b1383b6170231.jpg
Img_017_0218.jpg,http://img.ezday.co.kr/cache/board/2009/01/12/e9f356f423f10edc2f078d59d2d5fcf9.jpg
Img_017_0219.JPG,http://homecuisine.co.kr/files/attach/images/140/321/031/ebe812ee59fc728df5b2b347232cdc95.JPG
Img_017_0220.jpg,http://recipe.ezmember.co.kr/cache/recipe/2017/05/15/ec947a38954e66cb97814c496d38bf7f1.jpg
Img_017_0222.jpg,http://i.imgur.com/f2MGhjh.jpg
Img_017_0224.JPG,http://www.homecuisine.co.kr/files/attach/images/140/895/018/f7c9f2d34ad7c8dc3ebc774fcfab92ff_1.JPG
Img_017_0225.jpg,http://recipe.ezmember.co.kr/cache/recipe/2017/04/05/f815fa5d80e0ea82681500466ead3cb91_m.jpg
Img_017_0226.jpg,http://recipe.ezmember.co.kr/cache/recipe/2015/08/17/fb17213963b17a178f3762acf149d7751.jpg
Img_017_0227.jpg,http://img.ezmember.co.kr/cache/board/2011/07/06/fb2c2fd8baf51acca00ad864d3ebbcee.jpg
Img_017_0228.jpg,http://recipe.ezmember.co.kr/cache/recipe/2015/06/05/ff018ebd2e11b66f166a8b976125e52e_m.jpg
Img_017_0229.JPG,http://homecuisine.co.kr/files/attach/images/140/981/031/ff30ba0b9bf3edadd6cea071eadac8f2.JPG
Img_017_0230.jpg,https://farm5.staticflickr.com/4237/35108192815_ddfc84c419.jpg
Img_017_0231.jpg,https://farm3.staticflickr.com/2551/4048248395_871789ab19.jpg
Img_017_0232.jpg,https://farm6.staticflickr.com/5130/5321945595_a664e1db36.jpg
Img_017_0233.jpg,https://farm3.staticflickr.com/2948/33888293656_ee4f979d91.jpg
Img_017_0234.jpg,https://farm5.staticflickr.com/4174/34500581116_8c7cd073ea.jpg
Img_017_0235.jpg,https://farm6.staticflickr.com/5663/20603148771_ee7ee7493e.jpg
Img_017_0236.jpg,https://farm3.staticflickr.com/2648/3712412091_1f3c524c19.jpg
Img_017_0237.jpg,https://farm8.staticflickr.com/7325/12897612073_d775f4dda5.jpg
Img_017_0238.jpg,https://farm4.staticflickr.com/3556/3320190823_8090d5f6e2.jpg
Img_017_0239.jpg,https://farm6.staticflickr.com/5504/11703595163_7ef0d67312.jpg
Img_017_0240.jpg,https://farm6.staticflickr.com/5003/5365435237_f962346d97.jpg
Img_017_0241.jpg,https://farm9.staticflickr.com/8115/10183877795_ffdba87816.jpg
Img_017_0242.jpg,https://farm9.staticflickr.com/8217/8256824280_b7650c62fe.jpg
Img_017_0243.jpg,https://farm1.staticflickr.com/131/402880247_d6ba62852c.jpg
Img_017_0244.jpg,https://farm3.staticflickr.com/2705/4467958401_5ec7c20c49.jpg
Img_017_0245.jpg,https://farm3.staticflickr.com/2531/3712410723_66912642c6.jpg
Img_017_0246.jpg,https://farm8.staticflickr.com/7300/13886046215_f6b557142f.jpg
Img_017_0247.jpg,https://farm3.staticflickr.com/2626/4125944830_d17bddefe0.jpg
Img_017_0248.jpg,https://farm4.staticflickr.com/3945/33474413211_6a52a56c69.jpg
Img_017_0249.jpg,https://farm3.staticflickr.com/2525/4052985793_f0dc80a687.jpg
Img_017_0250.jpg,https://farm5.staticflickr.com/4138/4954976011_0f4dd0f029.jpg
Img_017_0251.jpg,https://farm5.staticflickr.com/4097/4735120014_5645f800f7.jpg
Img_017_0252.jpg,https://farm3.staticflickr.com/2930/14231918350_1cc9c74bc2.jpg
Img_017_0253.jpg,https://farm6.staticflickr.com/5107/5677987096_699190e83c.jpg
Img_017_0254.jpg,https://farm5.staticflickr.com/4003/4256260517_dc10f01bfb.jpg
Img_017_0255.jpg,https://farm2.staticflickr.com/1695/24264703065_2c95cd3744.jpg
Img_017_0256.jpg,https://farm7.staticflickr.com/6121/6189879973_b53c1d6946.jpg
Img_017_0257.jpg,https://farm5.staticflickr.com/4101/4893372079_3d53bfc173.jpg
Img_017_0258.jpg,https://farm6.staticflickr.com/5336/9603795937_9235ca860c.jpg
Img_017_0260.jpg,https://farm5.staticflickr.com/4147/5095609851_a958cf92a4.jpg
Img_017_0261.jpg,https://farm3.staticflickr.com/2083/2047539037_9ec7172704.jpg
Img_017_0262.jpg,https://farm6.staticflickr.com/5699/22839474154_807f95de32.jpg
Img_017_0263.jpg,https://farm1.staticflickr.com/695/20983233051_8d21d29455.jpg
Img_017_0264.jpg,https://farm6.staticflickr.com/5537/12288951064_e1c68e710d.jpg
Img_017_0265.jpg,https://farm4.staticflickr.com/3795/12767370294_f0081c2965.jpg
Img_017_0266.jpg,https://farm6.staticflickr.com/5712/30697467750_53e2e7352c.jpg
Img_017_0268.jpg,https://farm3.staticflickr.com/2904/14223696740_0a11d45164.jpg
Img_017_0269.jpg,https://farm6.staticflickr.com/5540/10815951565_34b195439c.jpg
Img_017_0270.jpg,https://farm3.staticflickr.com/2900/14455022003_4385d5177b.jpg
Img_017_0271.jpg,https://farm6.staticflickr.com/5161/5342318607_02bf2664f9.jpg
Img_017_0272.jpg,https://farm6.staticflickr.com/5058/5556194782_a567af4146.jpg
Img_017_0273.jpg,https://farm5.staticflickr.com/4129/5059448953_072357f7f6.jpg
Img_017_0274.jpg,https://farm8.staticflickr.com/7172/6504443765_800cc855cc.jpg
Img_017_0275.jpg,https://farm3.staticflickr.com/2439/3786624577_2e7d9bd462.jpg
Img_017_0276.jpg,https://farm6.staticflickr.com/5247/5292909939_82047c9d30.jpg
Img_017_0277.jpg,https://farm4.staticflickr.com/3226/2293650330_085a92bcb3.jpg
Img_017_0278.jpg,https://farm8.staticflickr.com/7355/12299156176_e1b51462ea.jpg
Img_017_0279.jpg,https://farm7.staticflickr.com/6069/6032578900_51e04a0cbd.jpg
Img_017_0280.jpg,https://farm6.staticflickr.com/5491/12316575853_c8a6f4023e.jpg
Img_017_0281.jpg,https://farm3.staticflickr.com/2732/5736992091_60888aafae.jpg
Img_017_0282.jpg,https://farm5.staticflickr.com/4036/4303150190_99e543217e.jpg
Img_017_0283.jpg,https://farm6.staticflickr.com/5081/5283051748_fb31335c0c.jpg
Img_017_0284.jpg,https://farm6.staticflickr.com/5201/5243141750_34329a4ec6.jpg
Img_017_0285.jpg,https://farm5.staticflickr.com/4097/4879019770_9dc086b390.jpg
Img_017_0286.jpg,https://farm1.staticflickr.com/536/18878509633_cbb93caf92.jpg
Img_017_0287.jpg,https://farm4.staticflickr.com/3823/12320895304_4e512baa3a.jpg
Img_017_0288.jpg,https://farm8.staticflickr.com/7427/12738765784_39bfda3bfa.jpg
Img_017_0289.jpg,https://farm3.staticflickr.com/2853/12320867444_7f1c6efb53.jpg
Img_017_0290.jpg,https://farm6.staticflickr.com/5089/5269715511_714e70e9c7.jpg
Img_017_0291.jpg,https://farm5.staticflickr.com/4053/4312841088_eeb1aba9db.jpg
Img_017_0292.jpg,https://farm8.staticflickr.com/7405/12337881033_8d1a287887.jpg
Img_017_0293.jpg,https://farm8.staticflickr.com/7340/12305623833_f9544f095d.jpg
Img_017_0294.jpg,https://farm3.staticflickr.com/2877/12321426343_34fbc804dd.jpg
Img_017_0295.jpg,https://farm8.staticflickr.com/7314/12796160314_a0ca53267b.jpg
Img_017_0296.jpg,http://cfs12.tistory.com/image/20/tistory/2010/03/31/23/08/4bb35758a3b93
Img_017_0297.jpg,http://cfile28.uf.tistory.com/image/193401344E7686D20EA531
Img_017_0301.jpg,http://cfile7.uf.tistory.com/image/222514485845255735C587
Img_017_0304.jpg,http://cfile24.uf.tistory.com/image/213BA84E5667E55216D347
Img_017_0305.jpg,https://homecuisine.co.kr/./files/attach/images/140/579/011/a9f11076c8b647941243caadc389dc73_2.JPG
Img_017_0306.jpg,http://cfile234.uf.daum.net/image/240EA04D562623EB33ACDD
Img_017_0307.jpg,http://cfile229.uf.daum.net/image/2509D24F56262484128718
Img_017_0308.jpg,http://cfile239.uf.daum.net/image/24306D4A5626245C389A95
Img_017_0309.jpg,http://cfile10.uf.tistory.com/image/190ECD48504AE692049C8E
Img_017_0311.jpg,http://store1.heykorean.com/club/10000003/image/%EB%AF%B8%EC%97%AD%EA%B5%AD.JPG
Img_017_0313.jpg,http://cfile9.uf.tistory.com/image/216E4F3A5832A9250B332F
Img_017_0314.jpg,http://cfile23.uf.tistory.com/image/25429F4F590F5CB01B16A6
Img_017_0315.jpg,http://image.aafood.co.kr/image/upload/rr/3ggpv9qu/xmxc1428239856408.jpg
Img_017_0319.jpg,http://postfiles11.naver.net/20160421_26/suica1_1461241008864xlkbI_JPEG/IMG_9309.JPG?type=w966
Img_017_0321.jpg,http://postfiles16.naver.net/20131229_95/allcllrp_1388281419644pbpSD_JPEG/_3786_.jpg?type=w1
Img_017_0322.jpg,http://food.chosun.com/site/data/img_dir/2013/03/06/2013030601161_0.jpg
Img_017_0325.jpg,http://cfile222.uf.daum.net/image/1241C6424F21F231280E97
Img_017_0326.jpg,http://cfile3.uf.tistory.com/image/253A4B47529ED561191682
Img_017_0329.jpg,http://cfile217.uf.daum.net/image/14496A414D756D920E105A
Img_017_0330.jpg,http://recipe.ezmember.co.kr/cache/recipe/2016/02/22/b14a1d6ac9851787834139746cf9d94b1.jpg
Img_017_0331.jpg,http://dongreen.co.kr/file_data/isanmo4/d3c078569743cb390b3076bf5e4a29e8.jpg
Img_017_0332.jpg,http://cfile23.uf.tistory.com/image/1649E2484D5A6D7B2DAD20
Img_017_0334.jpg,http://recipe.ezmember.co.kr/cache/recipe/2015/05/26/babf7c52eb268dc1f2649fa632b4ada51.jpg
Img_017_0336.jpg,http://img.ezmember.co.kr/cache/board/2014/07/03/4bed24b6f938773c4d18a6a22ec16b65.jpg
Img_017_0337.jpg,http://postfiles12.naver.net/20120801_27/thddlf30_1343784059965I0Oh6_JPEG/1.JPG?type=w2
Img_017_0337.jpg,http://postfiles1.naver.net/20130109_128/baby0817_1357726879225qXoLq_JPEG/1.jpg?type=w1
Img_017_0338.jpg,http://food.chosun.com/site/data/img_dir/2012/09/18/2012091800974_0.jpg
Img_017_0339.jpg,http://blog.donga.com/kky0106/files/2013/03/7284654231364253073.jpg
Img_017_0340.jpg,http://cfile211.uf.daum.net/image/0213753F516AB1FF0DE1E4
Img_017_0341.jpg,http://cfile1.uf.tistory.com/image/2115073D562B7D9632B7C5
Img_017_0343.jpg,http://food.chosun.com/site/data/img_dir/2012/09/11/2012091101729_0.jpg
Img_017_0344.jpg,https://i.ytimg.com/vi/OzOeHV0VhAk/maxresdefault.jpg
Img_017_0345.jpg,http://postfiles7.naver.net/20150724_294/sindong0ju_1437731391418l8mcV_JPEG/SAM_0519.JPG?type=w1
Img_017_0346.jpg,http://img.ezday.co.kr/cache/board/blogex/2009/11/02/d938ad195fc403243520636ccfbaf473.jpg
Img_017_0347.jpg,http://recipe.ezmember.co.kr/cache/recipe/2016/02/29/6c2e038264e2f365cd10d58551dbbf8f1.jpg
Img_017_0348.jpg,http://cfile3.uf.tistory.com/image/2741E94053F44E5F276DEC
Img_017_0349.jpg,http://cfile27.uf.tistory.com/image/123080054C04349824847E
Img_017_0350.jpg,http://www.homecuisine.co.kr/files/attach/images/140/579/011/585762f8342b48b1c74863fe5bbcbc4d.JPG
Img_017_0351.jpg,http://recipe.ezmember.co.kr/cache/recipe/2015/03/31/d7b1714f3729677c8936307f4e97e2971.jpg
Img_017_0353.jpg,http://cfile10.uf.tistory.com/image/272F1D4F57932541150F13
Img_017_0355.jpg,http://cfile218.uf.daum.net/image/13388C464F6086911CBF00
Img_017_0356.jpg,http://recipe.ezmember.co.kr/cache/recipe/2017/03/28/ac4997a930c8f56698ab37ad19927eb11.jpg
Img_017_0357.jpg,http://recipe.ezmember.co.kr/cache/recipe/2015/04/20/7ffe2a085056648de63a47ce3efaab571.jpg
Img_017_0358.jpg,http://postfiles15.naver.net/20150112_110/sairapina63_1420989850564m4879_JPEG/%BB%EA%B8%F0%B9%CC%BF%AA%B1%B9_%2810%29.JPG?type=w2
Img_017_0359.jpg,http://img.ezmember.co.kr/cache/board/2013/03/20/e4572764853b6e0d4b7cc936706dddea.jpg
Img_017_0360.jpg,http://cfile8.uf.tistory.com/image/2639CC3958AEF9641DC3B6
Img_017_0362.jpg,http://cfile10.uf.tistory.com/image/156B9B49511C2972270645
Img_017_0363.jpg,http://post.phinf.naver.net/MjAxNzA1MTVfMTU4/MDAxNDk0ODUwNTIxMTA5.RRCVxueav_c0do1hgv4PFElhe8IHqW3on6CWJnzRMYUg.oCTTOcK1ONuaB2HcDeC6yR-Otyxw44yGPcZm5prc0-Ag.JPEG/029_%EB%8B%AD%EA%B0%80%EC%8A%B4%EC%82%B4%EB%AF%B8%EC%97%AD%EA%B5%AD_11.jpg?type=w1200
Img_017_0367.jpg,https://www.unileverfoodsolutions.co.kr/wu_cache/img/089/mis_50059983/Seaweed_Soup_0000x0000_0.jpg
Img_017_0368.jpg,http://blogthumb2.naver.net/20160229_35/bongs1021_1456733921278CMwDH_JPEG/sIMG_8481.JPG?type=w2
Img_017_0369.jpg,http://postfiles10.naver.net/MjAxNzAzMTBfMjAw/MDAxNDg5MTI5ODk2NDkz.HEwsyEg01K7x4NOzauo7diHYDrs2BTYIO9xPaEDWb_cg.zxYfKh9SIXIE5ZzfNT3T9XW8vJzDdX7aEm9vkC_ZAl0g.JPEG.only1a2a3a/%EB%9E%91%EC%9D%B4_2017.03.12_%EC%86%8C%EA%B3%A0%EA%B8%B0%EB%AF%B8%EC%97%AD%EA%B5%AD_%2826%29.JPG?type=w1
Img_017_0370.jpg,http://food.chosun.com/site/data/img_dir/2016/11/08/2016110801022_0.jpg
Img_017_0371.jpg,http://img.lifestyler.co.kr/uploads/program/cheditor/2015/02/IPWRVYQKFYED39WSD865.png
Img_017_0372.jpg,http://cfile25.uf.tistory.com/image/145D025A4E06624328A4C5
Img_017_0374.jpg,http://cfile3.uf.tistory.com/image/1103693A4D659D5C1552B1
Img_017_0377.jpg,http://img1.ezday.co.kr/cache/board/2011/03/14/746a35bcb5fd98c84c44f69b0393b392.jpg
Img_017_0378.jpg,http://www.koreatimes.com/photos/LosAngeles/20080305/s7-1.jpg
Img_017_0383.jpg,http://cfile6.uf.tistory.com/image/172F36014CC4BD5D23BDB7
Img_017_0384.jpg,http://cfile236.uf.daum.net/image/2214BC4B52554D5E1489F0
Img_017_0385.jpg,http://cfile21.uf.tistory.com/image/25323B3956E8205401A672
Img_017_0386.jpg,http://img.ezmember.co.kr/cache/board/2011/06/16/a06fd7215de9b8669ee592effc6499b6.jpg
Img_017_0388.jpg,http://cfile29.uf.tistory.com/image/272BAC4552E67712044A6B
Img_017_0390.jpg,https://t1.daumcdn.net/thumb/R1280x0/?fname=http://t1.daumcdn.net/brunch/service/user/1Q3Z/image/kTDrCMUaX6XT3hgbJ0YwbMvh-bQ.jpg
Img_017_0392.jpg,http://image.chosun.com/sitedata/image/201510/12/2015101200837_0.jpg
Img_017_0394.jpg,http://cfile6.uf.tistory.com/image/21337B46533A67E7043FF6
Img_017_0395.jpg,http://ws.cconma.com/Upload/Product/400x350/2014/07/09/9803785023.jpg
Img_017_0400.jpg,http://mblogthumb1.phinf.naver.net/20120114_96/zzppong_1326531668675CUJMy_JPEG/%B9%CC%BF%AA%B1%B9.jpg?type=w2
Img_017_0401.jpg,http://jakomall.cafe24.com/web/upload/NNEditor/20151028/8_shop1_222254.jpg
Img_017_0403.jpg,http://cphoto.asiae.co.kr/listimglink/6/2016011118364815214_3.jpg
Img_017_0409.jpg,http://cfile2.uf.tistory.com/image/2450173854F801693050C0
Img_017_0410.jpg,http://postfiles15.naver.net/MjAxNjEwMzFfMTA5/MDAxNDc3ODg0Mzg1MDI0.YzFk6rZswvssmcdwWSom0RwNOmyttYQT2Ctp93XxSgEg.oKK5fuZR5Xsxn6NWIHGbf6__nq_omiu0hhg8p0qTtlsg.JPEG.hina4416/IMG_4450.JPG?type=w966
Img_017_0411.jpg,http://cfile22.uf.tistory.com/image/267A974C520A3456164D3F
Img_017_0413.jpg,http://cfile27.uf.tistory.com/image/2375323E54206DDE22FDD7
Img_017_0419.jpg,http://mblogthumb4.phinf.naver.net/20150121_71/4313hs_1421843622571VF5AE_JPEG/20150113_083721.jpg?type=w2
Img_017_0420.jpg,http://cfile6.uf.tistory.com/image/2106E43A56F888712AB659
Img_017_0426.jpg,http://cfile203.uf.daum.net/image/147FCF36507D54E502DC79
Img_017_0430.jpg,https://images.vingle.net/upload/t_ca_l/ik9hkziedyqg2apwjwbv.jpg
Img_017_0431.jpg,http://postfiles2.naver.net/20111221_241/skjchyk_13244323297674T1xM_JPEG/%BC%E8%B0%ED%B1%E2%B9%CC%BF%AA%B1%B9.jpg?type=w2
Img_017_0432.jpg,http://cfile9.uf.tistory.com/image/2162E7445339A39E341466
Img_017_0433.jpg,http://postfiles11.naver.net/20130122_90/007crr_1358838663454Xm4vk_JPEG/%B5%E9%B1%FA%BC%D2%B0%ED%B1%E2%B9%CC%BF%AA%B1%B9%BF%CF%BC%BA%C4%C65.JPG?type=w1
Img_017_0437.jpg,https://i.ytimg.com/vi/KxV-urPijpg/maxresdefault.jpg
Img_017_0445.jpg,http://bjc1111.namoweb.net/xe/files/attach/images/4717/092/022/d16125ae824f34e94b5c224299b8325e.jpg
Img_017_0447.jpg,http://cfile24.uf.tistory.com/image/184B204B4F3C446F188549
Img_017_0454.jpg,https://s3-ap-northeast-1.amazonaws.com/tahoe-dev/places/1464529/menus/1464529_40088_1455881762299.jpg
Img_017_0455.jpg,http://cfile213.uf.daum.net/image/23798C47525D624A0198D4
Img_017_0456.jpg,http://image.ohmynews.com/down/images/1/lsr_330023_10[575574].jpg
Img_017_0457.jpg,http://image.ohmynews.com/down/images/1/lsr_330023_10[575589].jpg
Img_017_0458.jpg,https://i.ytimg.com/vi/qUz25YgfTgI/maxresdefault.jpg
Img_017_0459.jpg,http://www.maangchi.com/wp-content/uploads/2007/12/miyeokguk1.jpg
Img_017_0460.jpg,http://photos1.blogger.com/img/184/1692/640/miyokguk.jpg
Img_017_0497.jpg,http://recipe.ezmember.co.kr/cache/recipe/2016/02/22/b14a1d6ac9851787834139746cf9d94b1.jpg
Img_017_0514.jpg,http://postfiles12.naver.net/20121026_27/king940_1351217796275q8U8K_JPEG/%B9%CC%BF%AA%B1%B9.jpg?type=w2
Img_017_0536.jpg,http://postfiles11.naver.net/MjAxNzA2MjBfMTAx/MDAxNDk3OTE3NjczNDQ4.68wEuVj7q-NURC3llbRKdItAKo5L1tadGApouPIxFHEg.lR8nDYmBGv6LSs7Q1UDsFlW_sYQXLtJEDp60AcXyD8Qg.JPEG.kiyome24/%EC%A0%84%EB%B3%B5%EB%AF%B8%EC%97%AD%EA%B5%ADIMG_0688.JPG?type=w1
Img_017_0646.jpg,http://postfiles1.naver.net/20120403_288/heeju001_13334125686307mR9H_JPEG/IMG_6701.JPG?type=w1
Img_017_0682.jpg,http://blogthumb2.naver.net/20110303_169/king940_1299126245119KJRo8_JPEG/DSC_7913.JPG?type=w2
Img_017_0726.jpg,http://mblogthumb2.phinf.naver.net/MjAxNzA4MjlfMTI2/MDAxNTA0MDE4NzI0NTcz.jJHn3IxF59fiIMj6Skytd39M4QDKtHrD32kGuyeNopkg.Fzm33qsiIyh-9djTW18PBRLwgQBgv5KzXlJ4vDZ7uFYg.JPEG.hwa202/%EC%86%8C%EA%B3%A0%EA%B8%B0%EB%AF%B8%EC%97%AD%EA%B5%AD_%2811%29.JPG?type=w800
Img_017_0777.jpg,http://mblogthumb1.phinf.naver.net/MjAxNzA0MjZfMTA2/MDAxNDkzMjE2NjkxMjI4.b2d-MNk5WCfKyFRJ_SiyqqyvBebszjQ02V0X2-KwbvYg.3svpxxIyXJSJcCKffaRwD98OYxH65IC1e5y1xqL56pIg.JPEG.kiyome24/%EC%A0%9C%EC%A3%BC%EB%8F%8C%EB%AF%B8%EC%97%AD_%EB%AF%B8%EC%97%AD%EA%B5%ADIMG_2325.JPG?type=w2
Img_017_0833.jpg,http://mblogthumb1.phinf.naver.net/MjAxNzA0MjdfMjI5/MDAxNDkzMjcyNTAwNzE0.-FszHJG27xeOJQMeXgXzUNwCPCySxDlcWKnWbesSvgYg.M06Vo8GVano3-So2ZqaBmrs_cclNsHw7SlW3l6-vMEgg.JPEG.eunhwahaha/%EB%B0%94%EC%A7%80%EB%9D%BD_%EB%AF%B8%EC%97%AD%EA%B5%AD_121.JPG?type=w2
Img_017_0874.jpg,http://postfiles2.naver.net/MjAxNjEyMTJfMTE2/MDAxNDgxNTExMTQwMjA1.6JQgRFwZ79aJMkbfY_ym-6V5XT5cwLG-u9TSyFtP2VYg.B3qBhib2OXicC3jSUQMoH7Gh7OC2poUgnpmu7ZWpyP0g.JPEG.glorytogod7/%EB%AF%B8%EC%97%AD%EA%B5%AD%EB%A7%9B%EC%9E%88%EA%B2%8C%EB%81%93%EC%9D%B4%EB%8A%94%EB%B2%95_%2850%29.JPG?type=w1
Img_017_0896.jpg,http://cfile234.uf.daum.net/image/240EA04D562623EB33ACDD
Img_017_0898.jpg,http://www.smlc.kr/bbs/files/attach/images/1251/928/019/%EB%AF%B8%EC%97%AD.jpg
Img_017_0946.jpg,http://blogfiles13.naver.net/data28/2007/9/5/124/npe2c_lim9327.jpg
Img_017_0947.jpg,http://i.huffpost.com/gen/5274822/thumbs/o-KOREAN-SEAWEED-SOUP-570.jpg
Img_017_0948.jpg,http://i.imgur.com/p8mSuIV.jpg
Img_017_0949.jpg,http://image.aladin.co.kr/Community/mypaper/pimg_737263105330452.jpg
Img_017_0950.jpg,http://www.koreatimes.com/photos/LosAngeles/20080305/s7-1.jpg
Img_017_0951.jpg,http://ny.koreatimes.com/photos/LosAngeles/20080305/s7-2.jpg
Img_017_0952.jpg,http://postfiles12.naver.net/20090807_203/ohmytotoro_1249619360438Q1810_jpg/sdc14012_copy_ohmytotoro.jpg?type=w3
Img_017_0953.jpg,http://cdn.seoultaste.com/recipes/4ddc5006c2d6236911000068/seaweed-soup.jpg
Img_017_0954.jpg,http://aeriskitchen.com/wp-content/uploads/2009/03/seaweed_soup_01-1.jpg
Img_017_0956.JPG,http://t0025.cafe24.com/web/upload/wjsqhraldurrnr.JPG
Img_017_0957.jpg,http://image.aafood.co.kr/image/upload/rr/3ggpv9qu/xmxc1428239856408.jpg
Img_017_0958.JPG,http://postfiles8.naver.net/20130930_231/barasun_1380470643890uazcS_JPEG/008.JPG?type=w1
Img_017_0959.jpg,http://cfile203.uf.daum.net/image/01555642509094743981F9
Img_017_0960.jpg,http://cfile211.uf.daum.net/image/0213753F516AB1FF0DE1E4
Img_017_0961.jpg,http://cfile221.uf.daum.net/image/02451E5050B378361A39DB
Img_017_0962.JPG,http://postfiles12.naver.net/20120717_219/bryanlove89_13425172276799xc44_JPEG/028.JPG?type=w2
Img_017_0963.jpg,http://recipe.ezmember.co.kr/cache/recipe/2015/06/19/034ba1b397644ee9024e0c56bd72a9311.jpg
Img_017_0964.jpg,http://cfile6.uf.tistory.com/image/0366FE3A51C2AD76115233
Img_017_0965.jpg,http://image.lottesuper.co.kr/static-root/fileupload/recipe/201311/04_457.jpg
Img_017_0966.JPG,http://postfiles7.naver.net/20160926_70/kitty4266_1474852127001zaGrN_JPEG/065.JPG?type=w2
Img_017_0967.jpg,http://img.ezday.co.kr/cache/board/2010/06/04/080482c35384f8e5e893e0573dce49d0.jpg
Img_017_0968.jpg,http://recipe.ezmember.co.kr/cache/recipe/2015/08/14/09eab2d2f9209221416e230203358ea71_m.jpg
Img_017_0969.jpg,http://img.sbs.co.kr/sbscnbc/upload/2015/10/14/10000509758_700.jpg
Img_017_0970.jpg,http://i1.w.hjfile.cn/doc/201012/1028914_image2_138667.jpg
Img_017_0971.jpg,http://postfiles1.naver.net/20130228_240/bronnley79_1362014195512CNAP0_JPEG/109.jpg?type=w1
Img_017_0972.jpg,http://cfile215.uf.daum.net/image/1109F15A4DCA9673032455
Img_017_0976.jpg,http://cfile222.uf.daum.net/image/1241C6424F21F231280E97
Img_017_0977.jpg,http://cfile214.uf.daum.net/image/1246A45050B37835186AF8
Img_017_0980.jpg,http://cfile205.uf.daum.net/image/125E5C4D50D70D5A08727A
Img_017_0981.JPG,http://postfiles12.naver.net/20150121_235/ckwldud1_1421769462076tT9wn_JPEG/13.JPG?type=w2
Img_017_0981.JPG,http://postfiles11.naver.net/20111227_138/vivtctqw_1324972419049twnqe_JPEG/13.jpg?type=w2
Img_017_0983.jpg,http://postfiles13.naver.net/20130405_252/mslee2873_136510383663650VXR_JPEG/1365040746713_20130404_045535_edit.jpg?type=w1
Img_017_0984.jpg,http://cfile3.uf.tistory.com/image/136DD2174A65804716BCB9
Img_017_0985.jpg,http://cfile217.uf.daum.net/image/14496A414D756D920E105A
Img_017_0987.jpg,http://cfile230.uf.daum.net/image/1528AE344F12F3270B8B78
Img_017_0988.jpg,http://cfile2.uf.tistory.com/image/153675244BD5CF958C1A8B
Img_017_0989.jpg,http://cfile25.uf.tistory.com/image/153991394EC6D2BD2DC920
Img_017_0990.jpg,http://cfile218.uf.daum.net/image/1545820E499CCBF2545553
Img_017_0992.jpg,http://cfile230.uf.daum.net/image/15564F0A499CAB6C3BD9D3
Img_017_0993.jpg,https://farm9.staticflickr.com/8571/15696920383_68c5a80153_z.jpg
Img_017_0994.jpg,http://i2.ruliweb.com/img/16/12/28/1594344abbee3076.jpg
Img_017_0995.jpg,http://www.menupan.com/Cook/cookIMG/160900.jpg
Img_017_0996.jpg,http://cfile235.uf.daum.net/image/1610CE3A4DFD367B15CA01
Img_017_0997.jpg,http://cfile215.uf.daum.net/image/16590E3B500585840679B4
Img_017_0998.jpg,http://cfile234.uf.daum.net/image/165DCB425090947225E56A
